CalendarID,CalendarDate
1,2018-01-01
2,2018-01-02
3,2018-01-03
4,2018-01-04
5,2018-01-05
6,2018-01-06
7,2018-01-07
8,2018-01-08
9,2018-01-09
10,2018-01-10
11,2018-01-11
12,2018-01-12
13,2018-01-13
14,2018-01-14
15,2018-01-15
16,2018-01-16
17,2018-01-17
18,2018-01-18
19,2018-01-19
20,2018-01-20
21,2018-01-21
22,2018-01-22
23,2018-01-23
24,2018-01-25
25,2018-01-26
26,2018-01-28
27,2018-01-29
28,2018-01-30
29,2018-02-01
30,2018-02-02
31,2018-02-03
32,2018-02-04
33,2018-02-05
34,2018-02-06
35,2018-02-08
36,2018-02-09
37,2018-02-10
38,2018-02-11
39,2018-02-12
40,2018-02-13
41,2018-02-14
42,2018-02-15
43,2018-02-16
44,2018-02-17
45,2018-02-18
46,2018-02-19
47,2018-02-20
48,2018-02-21
49,2018-02-22
50,2018-02-23
51,2018-02-24
52,2018-02-25
53,2018-02-26
54,2018-02-27
55,2018-02-28
56,2018-03-01
57,2018-03-02
58,2018-03-03
59,2018-03-04
60,2018-03-05
61,2018-03-06
62,2018-03-07
63,2018-03-08
64,2018-03-09
65,2018-03-10
66,2018-03-11
67,2018-03-12
68,2018-03-13
69,2018-03-14
70,2018-03-15
71,2018-03-16
72,2018-03-17
73,2018-03-18
74,2018-03-19
75,2018-03-20
76,2018-03-21
77,2018-03-22
78,2018-03-23
79,2018-03-24
80,2018-03-25
81,2018-03-26
82,2018-03-27
83,2018-03-28
84,2018-03-30
85,2018-03-31
86,2018-04-01
87,2018-04-02
88,2018-04-03
89,2018-04-04
90,2018-04-05
91,2018-04-06
92,2018-04-07
93,2018-04-08
94,2018-04-09
95,2018-04-10
96,2018-04-11
97,2018-04-12
98,2018-04-14
99,2018-04-15
100,2018-04-16
101,2018-04-17
102,2018-04-18
103,2018-04-19
104,2018-04-20
105,2018-04-21
106,2018-04-22
107,2018-04-23
108,2018-04-24
109,2018-04-25
110,2018-04-26
111,2018-04-27
112,2018-04-28
113,2018-04-29
114,2018-04-30
115,2018-05-01
116,2018-05-02
117,2018-05-03
118,2018-05-04
119,2018-05-05
120,2018-05-06
121,2018-05-07
122,2018-05-08
123,2018-05-09
124,2018-05-10
125,2018-05-11
126,2018-05-12
127,2018-05-13
128,2018-05-14
129,2018-05-15
130,2018-05-16
131,2018-05-17
132,2018-05-18
133,2018-05-19
134,2018-05-21
135,2018-05-22
136,2018-05-23
137,2018-05-24
138,2018-05-25
139,2018-05-26
140,2018-05-27
141,2018-05-28
142,2018-05-29
143,2018-05-30
144,2018-05-31
145,2018-06-01
146,2018-06-02
147,2018-06-03
148,2018-06-04
149,2018-06-05
150,2018-06-06
151,2018-06-07
152,2018-06-08
153,2018-06-09
154,2018-06-10
155,2018-06-12
156,2018-06-13
157,2018-06-14
158,2018-06-16
159,2018-06-17
160,2018-06-18
161,2018-06-20
162,2018-06-22
163,2018-06-23
164,2018-06-24
165,2018-06-25
166,2018-06-26
167,2018-06-27
168,2018-06-28
169,2018-06-29
170,2018-06-30
171,2018-07-01
172,2018-07-02
173,2018-07-03
174,2018-07-04
175,2018-07-05
176,2018-07-06
177,2018-07-07
178,2018-07-09
179,2018-07-10
180,2018-07-11
181,2018-07-12
182,2018-07-13
183,2018-07-14
184,2018-07-15
185,2018-07-16
186,2018-07-17
187,2018-07-18
188,2018-07-19
189,2018-07-20
190,2018-07-21
191,2018-07-22
192,2018-07-23
193,2018-07-24
194,2018-07-25
195,2018-07-26
196,2018-07-27
197,2018-07-28
198,2018-07-29
199,2018-07-30
200,2018-08-01
201,2018-08-02
202,2018-08-03
203,2018-08-04
204,2018-08-05
205,2018-08-06
206,2018-08-07
207,2018-08-08
208,2018-08-09
209,2018-08-10
210,2018-08-11
211,2018-08-12
212,2018-08-13
213,2018-08-14
214,2018-08-15
215,2018-08-16
216,2018-08-17
217,2018-08-18
218,2018-08-19
219,2018-08-20
220,2018-08-21
221,2018-08-22
222,2018-08-23
223,2018-08-24
224,2018-08-25
225,2018-08-26
226,2018-08-27
227,2018-08-28
228,2018-08-29
229,2018-08-30
230,2018-08-31
231,2018-09-02
232,2018-09-03
233,2018-09-04
234,2018-09-05
235,2018-09-06
236,2018-09-07
237,2018-09-08
238,2018-09-09
239,2018-09-10
240,2018-09-11
241,2018-09-12
242,2018-09-13
243,2018-09-14
244,2018-09-15
245,2018-09-16
246,2018-09-17
247,2018-09-18
248,2018-09-19
249,2018-09-20
250,2018-09-21
251,2018-09-22
252,2018-09-24
253,2018-09-25
254,2018-09-26
255,2018-09-27
256,2018-09-28
257,2018-09-29
258,2018-09-30
259,2018-10-01
260,2018-10-02
261,2018-10-03
262,2018-10-04
263,2018-10-05
264,2018-10-06
265,2018-10-07
266,2018-10-08
267,2018-10-09
268,2018-10-10
269,2018-10-11
270,2018-10-12
271,2018-10-13
272,2018-10-14
273,2018-10-15
274,2018-10-16
275,2018-10-17
276,2018-10-18
277,2018-10-19
278,2018-10-20
279,2018-10-21
280,2018-10-22
281,2018-10-24
282,2018-10-25
283,2018-10-26
284,2018-10-27
285,2018-10-28
286,2018-10-29
287,2018-10-30
288,2018-10-31
289,2018-11-01
290,2018-11-02
291,2018-11-03
292,2018-11-04
293,2018-11-05
294,2018-11-06
295,2018-11-07
296,2018-11-08
297,2018-11-09
298,2018-11-10
299,2018-11-11
300,2018-11-12
301,2018-11-13
302,2018-11-14
303,2018-11-15
304,2018-11-16
305,2018-11-17
306,2018-11-18
307,2018-11-19
308,2018-11-20
309,2018-11-21
310,2018-11-22
311,2018-11-23
312,2018-11-24
313,2018-11-26
314,2018-11-27
315,2018-11-28
316,2018-11-29
317,2018-12-01
318,2018-12-02
319,2018-12-03
320,2018-12-04
321,2018-12-05
322,2018-12-06
323,2018-12-07
324,2018-12-08
325,2018-12-09
326,2018-12-10
327,2018-12-11
328,2018-12-12
329,2018-12-13
330,2018-12-14
331,2018-12-15
332,2018-12-16
333,2018-12-17
334,2018-12-18
335,2018-12-19
336,2018-12-20
337,2018-12-21
338,2018-12-22
339,2018-12-23
340,2018-12-24
341,2018-12-25
342,2018-12-26
343,2018-12-27
344,2018-12-29
345,2018-12-30
